modelsize,server_parallel,server_threads,server_context,max_token,request_count,throughput_tps,vstate_save_count,vstate_restore_count,vstate_llama_save,vstate_llama_restore
3B,2,8,4096,128,32,1.7232,613709,620866,613672,620840
3B,2,8,4096,128,32,1.7457,611099,618504,611063,618478
3B,2,8,4096,128,32,1.7318,610336,618064,610300,618038
3B,2,8,4096,128,32,1.7467,606811,613971,606775,613945
3B,2,8,4096,128,32,1.7458,607972,615552,607935,615525
3B,4,8,8192,128,32,1.7612,539049,549253,539011,549225
3B,4,8,8192,128,32,1.8071,532504,542197,532467,542170
3B,4,8,8192,128,32,1.8061,531491,541778,531455,541752
3B,4,8,8192,128,32,1.8048,532170,542421,532134,542395
3B,4,8,8192,128,32,1.8031,536788,547210,536752,547184
3B,8,8,16384,128,32,1.694,501890,509899,501854,509873
3B,8,8,16384,128,32,1.8232,477300,485962,477264,485936
3B,8,8,16384,128,32,1.7655,464246,471900,464209,471874
3B,8,8,16384,128,32,1.82,479550,489197,479514,489171
3B,8,8,16384,128,32,1.8196,478305,485617,478269,485591
3B,16,8,32768,128,32,1.5451,498620,508226,498584,508199
3B,16,8,32768,128,32,1.7091,459397,470764,459361,470738
3B,16,8,32768,128,32,1.7097,454919,463736,454883,463710
3B,16,8,32768,128,32,1.7626,450749,459347,450713,459321
3B,16,8,32768,128,32,1.7776,434317,441020,434281,440994
