platform,mode,trial,request_id,group_id,status,error,prompt_target_tokens,n_predict,ttft_ms,prompt_ms,e2e_ms,predicted_ms,tps,tokens
riscv,all-at-once,1,1,1,ok,,64,256,14165.766099933535,14157.437,337290.5653999187,323106.744,0.45495800607615916,147
riscv,all-at-once,1,2,1,ok,,64,256,28970.217199996114,14805.125,339426.6429999843,310448.234,0.4735088942396754,147
riscv,all-at-once,1,3,1,ok,,64,256,339426.00159998983,2118.67,651606.1998999212,312174.692,0.47089018990687437,147
riscv,all-at-once,1,4,1,ok,,64,256,339434.53099997714,2123.196,651613.5371001437,312171.758,0.47089461564937596,147
riscv,all-at-once,1,5,1,ok,,64,256,14155.972599983215,14152.016,337287.5555001665,323110.68,0.4549524639668364,147
riscv,all-at-once,1,6,1,ok,,64,256,28972.135400166735,14809.957,339432.8266000375,310449.362,0.4735071737721915,147
riscv,all-at-once,1,7,1,ok,,64,256,343346.08149994165,3919.319,653683.2169999834,310324.035,0.4736984036702153,147
riscv,all-at-once,1,8,1,ok,,64,256,343335.8258998487,3909.657,653672.4149999209,310327.957,0.4736924169548798,147
riscv,all-at-once,1,9,1,ok,,64,256,653680.2240000106,2075.655,965314.0104999766,311634.553,0.4717063579275177,147
riscv,all-at-once,1,10,1,ok,,64,256,653670.4653999768,2070.062,965307.3167998809,311638.714,0.4717000597043922,147
riscv,all-at-once,1,11,1,ok,,64,256,657642.7468999755,3970.096,967416.1840998568,309772.036,0.4745425116423356,147
riscv,all-at-once,1,12,1,ok,,64,256,657636.4975001197,3964.495,967409.0497000143,309772.033,0.47454251623806204,147
riscv,all-at-once,1,13,1,ok,,64,256,967418.1274001021,2112.288,1279471.715599997,312049.983,0.4710783784916918,147
riscv,all-at-once,1,14,1,ok,,64,256,967413.5632000398,2106.711,1279467.5227000844,312054.059,0.47107222534157134,147
riscv,all-at-once,1,15,1,ok,,64,256,1281557.1624999866,2083.626,1593596.504899906,312035.032,0.47110094997282226,147
riscv,all-at-once,1,16,1,ok,,64,256,971294.984200038,3878.235,1281552.5601999834,310256.032,0.47380223053971116,147
riscv,all-at-once,1,17,1,ok,,64,256,971288.5800998192,3872.769,1281545.4996998888,310255.893,0.4738024428112958,147
riscv,all-at-once,1,18,1,ok,,64,256,1281550.9136000182,2078.054,1593589.9201000575,312039.047,0.47109488832658813,147
riscv,all-at-once,1,19,1,ok,,64,256,1285480.0722999498,3924.928,1595521.061899839,310039.896,0.4741325290600665,147
riscv,all-at-once,1,20,1,ok,,64,256,1285484.765399946,3930.531,1595525.6167999469,310039.915,0.4741325000040721,147
