platform,mode,trial,request_id,group_id,status,error,prompt_target_tokens,n_predict,ttft_ms,prompt_ms,e2e_ms,predicted_ms,tps,tps_xfirst,tokens
riscv,all-at-once,1,1,1,ok,,64,20,9345.95,9345.95,52930.09849998634,43537.3,0.4593762130403125,0.4364074023882969,20
riscv,all-at-once,1,2,1,ok,,64,20,26316.891,26316.891,53988.76379999274,18274.277,1.0944345431559346,1.039712815998138,20
riscv,all-at-once,1,3,1,ok,,64,20,26313.47,26313.47,53991.943300003186,18276.031,1.094329507320271,1.0396130319542576,20
riscv,all-at-once,1,4,1,ok,,64,20,1056.271,1056.271,75025.91970001231,21026.994,0.9511583063180595,0.9036003910021566,20
riscv,all-at-once,1,5,1,ok,,64,20,26311.599,26311.599,53983.01659998833,18276.064,1.0943275313546725,1.0396111547869389,20
riscv,all-at-once,1,6,1,ok,,64,20,1966.454,1966.454,76067.89879999997,20106.673,0.99469464689658,0.9449599145517512,20
riscv,all-at-once,1,7,1,ok,,64,20,1964.773,1964.773,76063.48640000215,20106.479,0.9947042443383548,0.944969032121437,20
riscv,all-at-once,1,8,1,ok,,64,20,1963.074,1963.074,76049.88990000857,20094.473,0.9952985579666607,0.9455336300683277,20
riscv,all-at-once,1,9,1,ok,,64,20,1056.662,1056.662,97052.28899999929,20986.788,0.9529805132638687,0.9053314876006752,20
riscv,all-at-once,1,10,1,ok,,64,20,1980.75,1980.75,98118.10539998987,20060.23,0.9969975419025605,0.9471476648074324,20
riscv,all-at-once,1,11,1,ok,,64,20,1979.057,1979.057,98105.76190000575,20060.051,0.9970064383186263,0.9471561164026951,20
riscv,all-at-once,1,12,1,ok,,64,20,1977.234,1977.234,98090.2863000083,20048.065,0.9976025117636043,0.947722386175424,20
riscv,all-at-once,1,13,1,ok,,64,20,1056.816,1056.816,117768.79890001146,19662.706,1.0171539970134325,0.9662962971627608,20
riscv,all-at-once,1,14,1,ok,,64,20,1978.89,1978.89,118767.08780000627,18648.104,1.0724950911899676,1.0188703366304692,20
riscv,all-at-once,1,15,1,ok,,64,20,1980.593,1980.593,118743.75789999613,18648.003,1.0725008999623178,1.0188758549642019,20
riscv,all-at-once,1,16,1,ok,,64,20,1977.063,1977.063,118728.69730000093,18648.18,1.0724907202740428,1.0188661842603406,20
riscv,all-at-once,1,17,1,ok,,64,20,968.405,968.405,136539.59570000006,17810.673,1.122922193900253,1.0667760842052405,20
riscv,all-at-once,1,18,1,ok,,64,20,1455.145,1455.145,137741.14760001248,17539.711,1.1402696429832853,1.083256160834121,20
riscv,all-at-once,1,19,1,ok,,64,20,1456.825,1456.825,137729.83660000318,17539.739,1.1402678226853888,1.0832544315511194,20
riscv,all-at-once,1,20,1,ok,,64,20,1453.369,1453.369,137750.27330000012,17539.788,1.1402646371780547,1.083251405319152,20
riscv,all-at-once,2,1,1,ok,,64,20,1606.131,1606.131,31946.551599990926,30271.608,0.6606850881525685,0.6276508337449401,20
riscv,all-at-once,2,2,1,ok,,64,20,1602.633,1602.633,31936.327200004598,30271.76,0.6606817707328547,0.627647682196212,20
riscv,all-at-once,2,3,1,ok,,64,20,1600.892,1600.892,31931.78679999255,30271.793,0.6606810505079762,0.6276469979825773,20
riscv,all-at-once,2,4,1,ok,,64,20,1095.38,1095.38,53192.2126999998,20151.326,0.9924905189861948,0.942865993036885,20
riscv,all-at-once,2,5,1,ok,,64,20,1098.786,1098.786,53198.595000008936,20151.221,0.99249569045965,0.9428709059366676,20
riscv,all-at-once,2,6,1,ok,,64,20,1604.311,1604.311,31939.107900005183,30271.769,0.6606815743077321,0.6276474955923455,20
riscv,all-at-once,2,7,1,ok,,64,20,1097.068,1097.068,53186.518300004536,20151.327,0.9924904697343256,0.9428659462476093,20
riscv,all-at-once,2,8,1,ok,,64,20,1093.519,1093.519,53172.78239999723,20151.433,0.9924852490639251,0.9428609866107288,20
riscv,all-at-once,2,9,1,ok,,64,20,842.053,842.053,70639.6209000086,16604.461,1.2044955870594054,1.144270807706435,20
riscv,all-at-once,2,10,1,ok,,64,20,845.532,845.532,70645.00980000594,16616.414,1.2036291344209407,1.1434476776998936,20
riscv,all-at-once,2,11,1,ok,,64,20,843.846,843.846,70652.27090001281,16616.427,1.2036281927516668,1.1434467831140835,20
riscv,all-at-once,2,12,1,ok,,64,20,847.255,847.255,70645.55539999856,16616.398,1.203630293400531,1.1434487787305045,20
riscv,all-at-once,2,13,1,ok,,64,20,1318.216,1318.216,92019.81949999754,20064.102,0.9968051398462787,0.9469648828539649,20
riscv,all-at-once,2,14,1,ok,,64,20,1316.485,1316.485,92030.26939999836,20064.11,0.9968047423982423,0.9469645052783303,20
riscv,all-at-once,2,15,1,ok,,64,20,1314.709,1314.709,92025.60579999408,20064.228,0.9967988800765224,0.9469589360726961,20
riscv,all-at-once,2,16,1,ok,,64,20,1300.893,1300.893,92001.71630000114,20063.767,0.9968217832673197,0.9469806941039537,20
riscv,all-at-once,2,17,1,ok,,64,20,1054.567,1054.567,113140.07529999071,20063.512,0.996834452512601,0.9469927298869709,20
riscv,all-at-once,2,18,1,ok,,64,20,1037.213,1037.213,113117.57460000808,20063.641,0.9968280433247385,0.9469866411585016,20
riscv,all-at-once,2,19,1,ok,,64,20,1051.034,1051.034,113137.91920000222,20063.589,0.9968306268634192,0.9469890955202481,20
riscv,all-at-once,2,20,1,ok,,64,20,1052.786,1052.786,113133.09820000723,20063.579,0.996831123699316,0.9469895675143503,20
riscv,all-at-once,3,1,1,ok,,64,20,878.292,878.292,51825.03199999337,16719.377,1.1962168207583332,1.1364059797204165,20
riscv,all-at-once,3,2,1,ok,,64,20,4946.092,4946.092,34215.46420000959,29211.398,0.6846642533164622,0.6504310406506392,20
riscv,all-at-once,3,3,1,ok,,64,20,874.761,874.761,51824.17110000097,16719.554,1.1962041571204591,1.1363939492644362,20
riscv,all-at-once,3,4,1,ok,,64,20,4940.922,4940.922,34219.304899990675,29211.644,0.6846584875537988,0.6504255631761088,20
riscv,all-at-once,3,5,1,ok,,64,20,4944.368,4944.368,34209.48689999932,29211.516,0.6846614876133097,0.6504284132326443,20
riscv,all-at-once,3,6,1,ok,,64,20,4942.686,4942.686,34227.58750000503,29211.601,0.6846594953833582,0.6504265206141903,20
riscv,all-at-once,3,7,1,ok,,64,20,873.003,873.003,51825.064799995744,16719.597,1.1962010806839423,1.1363910266497452,20
riscv,all-at-once,3,8,1,ok,,64,20,876.504,876.504,51809.95750000875,16719.441,1.196212241784878,1.136401629695634,20
riscv,all-at-once,3,9,1,ok,,64,20,905.927,905.927,70347.06399998686,17615.136,1.1353872033687393,1.0786178432003024,20
riscv,all-at-once,3,10,1,ok,,64,20,907.721,907.721,70347.46200000518,17615.059,1.135392166441225,1.0786225581191637,20
riscv,all-at-once,3,11,1,ok,,64,20,904.166,904.166,70337.37179999298,17615.262,1.1353790820709906,1.0786101279674412,20
riscv,all-at-once,3,12,1,ok,,64,20,890.38,890.38,70340.21059999941,17627.337,1.1346013297414124,1.0778712632543417,20
riscv,all-at-once,3,13,1,ok,,64,20,879.418,879.418,87494.09229999583,16291.482,1.227635398670299,1.1662536287367842,20
riscv,all-at-once,3,14,1,ok,,64,20,876.015,876.015,87501.07959999877,16291.653,1.2276225131974023,1.1662413875375321,20
riscv,all-at-once,3,15,1,ok,,64,20,874.229,874.229,87496.03480000223,16291.7,1.2276189716235875,1.1662380230424079,20
riscv,all-at-once,3,16,1,ok,,64,20,877.699,877.699,87503.62750000204,16291.589,1.2276273357988592,1.1662459690089164,20
riscv,all-at-once,3,17,1,ok,,64,20,1055.055,1055.055,111796.16240000178,23239.538,0.8606023062936965,0.8175721909790117,20
riscv,all-at-once,3,18,1,ok,,64,20,1051.649,1051.649,111791.35739999765,23239.604,0.86059986220075,0.8175698690907126,20
riscv,all-at-once,3,19,1,ok,,64,20,1053.331,1053.331,111799.30980000063,23239.513,0.8606032320901046,0.8175730704855992,20
riscv,all-at-once,3,20,1,ok,,64,20,1049.873,1049.873,111785.92189999472,23239.591,0.8606003436118992,0.8175703264313042,20
